id,name,email,created_at
1,abc,abc@gmail.com,2025-08-11T14:16:48.072270
2,abcc,abcc@gmail.com,2025-08-12T14:54:57.345439
3,zehra,zehra123@gmail.com,2025-09-28T05:07:57.563941
4,Adnan ali,adnan@123gmail.com,2025-09-28T05:25:27.284298
5,Ayan,ayan123@gmail.com,2025-09-30T05:49:36.086938
6,batool,batool@123gmail.com,2025-10-10T10:18:50.715500
7,Arham,arham@gmail.com,2025-10-12T18:13:34.656495
8,ali,ali@gmail.com,2025-10-13T16:11:43.208509
9,sakina,skina@gmail.com,2025-10-14T15:48:25.044998
10,ameen,ameen@gmail.com,2025-10-15T04:37:48.452455
11,awais,owais@gmail.com,2025-10-15T16:00:44.109816
12,Awais,awais@gmail.com,2025-10-31T17:47:44.389896
13,Mehnaz,mena@gmail.com,2025-10-31T20:12:59.570528
